<?xml version="1.0" encoding="utf-8"?>
<resources>
    <declare-styleable name="MZBannerView">
        <attr name="open_mz_mode" format="boolean"/>
        <attr name="canLoop" format="boolean"/>
        <attr name="indicatorPaddingLeft" format="dimension"/>
        <attr name="indicatorPaddingRight" format="dimension"/>
        <attr name="indicatorPaddingTop" format="dimension"/>
        <attr name="indicatorPaddingBottom" format="dimension"/>
        <attr name="indicatorAlign">
            <enum name="left" value="0"/>
            <enum name="center" value="1"/>
            <enum name="right" value="2"/>
        </attr>
        <attr name="middle_page_cover" format="boolean"/>
    </declare-styleable>

    <declare-styleable name="CalendarLayout">
        <attr name="default_status">
            <enum name="expand" value="0"/>
            <enum name="shrink" value="1"/>
        </attr>
        <attr name="only_week_view" format="boolean"/>
        <attr name="calendar_content_view_id" format="integer"/>
    </declare-styleable>
    <declare-styleable name="CalendarView">
        <attr name="week_background" format="color"/>
        <attr name="week_line_background" format="color"/>
        <attr name="week_text_color" format="color"/>
        <attr name="calendar_card_view" format="string"/>
        <attr name="month_view" format="string"/>
        <attr name="week_view" format="string"/>
        <attr name="week_bar_view" format="string"/>
        <attr name="scheme_text" format="string"/>
        <attr name="day_text_size" format="dimension"/>
        <attr name="lunar_text_size" format="dimension"/>
        <attr name="calendar_height" format="dimension"/>
        <attr name="scheme_text_color" format="color"/>
        <attr name="scheme_month_text_color" format="color"/>
        <attr name="scheme_lunar_text_color" format="color"/>
        <attr name="scheme_theme_color" format="color"/>
        <attr name="selected_theme_color" format="color"/>
        <attr name="selected_text_color" format="color"/>
        <attr name="selected_lunar_text_color" format="color"/>
        <attr name="current_day_text_color" format="color"/>
        <attr name="current_day_lunar_text_color" format="color"/>
        <attr name="current_month_text_color" format="color"/>
        <attr name="other_month_text_color" format="color"/>
        <attr name="current_month_lunar_text_color" format="color"/>
        <attr name="other_month_lunar_text_color" format="color"/>
        <attr name="year_view_month_text_size" format="dimension"/>
        <attr name="year_view_day_text_size" format="dimension"/>
        <attr name="year_view_month_text_color" format="color"/>
        <attr name="year_view_day_text_color" format="color"/>
        <attr name="year_view_scheme_color" format="color"/>
        <attr name="year_view_background" format="color"/>
        <attr name="min_year" format="integer"/>
        <attr name="max_year" format="integer"/>
        <attr name="min_year_month" format="integer"/>
        <attr name="max_year_month" format="integer"/>
        <attr name="month_view_show_mode">
            <enum name="mode_all" value="0"/>
            <enum name="mode_only_current" value="1"/>
            <enum name="mode_fix" value="2"/>
        </attr>
    </declare-styleable>
    <declare-styleable name="GroupRecyclerView">
        <attr name="group_height" format="dimension"/>
        <attr name="group_child_offset" format="dimension"/>
        <attr name="group_background" format="color"/>
        <attr name="group_text_color" format="color"/>
        <attr name="group_text_size" format="dimension"/>
        <attr name="group_center" format="boolean"/>
        <attr name="group_padding_left" format="dimension"/>
        <attr name="group_padding_right" format="dimension"/>
        <attr name="group_has_header" format="boolean"/>
    </declare-styleable>
    <declare-styleable name="RatingBar">
        <!--尺寸值-->
        <attr name="starImageSize" format="dimension" />
        <!--星星间距-->
        <attr name="starPadding" format="dimension" />
        <!--星星总数-->
        <attr name="starCount" format="integer" />
        <!--空白的星星资源文件值-->
        <attr name="starEmpty" format="reference" />
        <!--满星资源文件值-->
        <attr name="starFill" format="reference" />
        <!--半星资源文件值-->
        <attr name="starHalf" format="reference" />
        <!--是否可点击boolean值-->
        <attr name="clickable" format="boolean" />
        <!--当前进度float值-->
        <attr name="starStep" format="float" />
        <!--每次进度方式的值，整星还是半星-->
        <attr name="stepSize">
            <enum name="Half" value="0" />
            <enum name="Full" value="1" />
        </attr>
    </declare-styleable>
</resources>
