<?xml version="1.0" encoding="utf-8"?>
<resources>
    <color name="colorPrimary">#3F51B5</color>
    <color name="colorPrimaryDark">#303F9F</color>
    <color name="colorAccent">#FF4081</color>

    <color name="calendar_line">#FF24253C</color>
    <color name="map_stroke_color">#00000000</color>
    <color name="btn_confirm_normal">#ff0cc8d1</color>
    <color name="btn_confirm_pressed">#0BA5AD</color>
    <color name="textcolor64">#ff646464</color>
    <color name="textcolor80">#ff808080</color>
    <color name="activity_bg">#ff121420</color>
    <color name="main_radio_group_bg">#ff242338</color>
    <color name="material_red_A700">#d50000</color>
    <!--<color name="bg_color">#121420</color>-->


    <color name="grey"> #ebebeb</color>
    <color name="black"> #000000</color>
    <color name="darkgrey"> #C0C0C0</color>
    <color name="white"> #FFFFFF</color>
    <color name="red"> #FF0000</color>
    <color name="f850_default_blue">#0079ff</color>

    <drawable name="transparent">#00000000</drawable>
    <color name="transparent">#00000000</color>


    <color name="header_toast_bg">#ccebfc</color>
    <color name="header_toast">#024ca1</color>
    <color name="header_toast_line">#abdaf4</color>
    <color name="offline_down_title">#909090</color>
    <color name="offline_head_font">#FFFFFF</color>
    <color name="gary">#898989</color>
    <color name="taobao_black">#333333</color>
    <color name="offline_down_size">#777777</color>
    <color name="gray_lite">#c5c5c5</color>
    <color name="progress_background">#ededed</color>
    <color name="blue">#4c90f9</color>
    <color name="itemlist">#f4f4f4</color>
    <color name="act_background">#efefef</color>
    <color name="phone_bg">#f6f6f6</color>
    <color name="translucent">#66000000</color>
    <color name="text_gray">#8E8C98</color>

    <color name="car_detail_text_color">#99ffffff</color>
</resources>
