<resources>

    <!-- Base application theme. -->
    <style name="AppTheme" parent="Theme.AppCompat.Light.DarkActionBar">
        <!-- Customize your theme here. -->
        <item name="colorPrimary">@color/colorPrimary</item>
        <item name="colorPrimaryDark">@color/colorPrimaryDark</item>
        <item name="colorAccent">@color/colorAccent</item>
    </style>
    <!--编辑框 下面的横线样式-->
    <style name="EtBelowLine">
        <item name="android:layout_width">match_parent</item>
        <item name="android:layout_height">0.7dp</item>
        <item name="android:layout_alignParentBottom">true</item>
        <item name="android:background">#d9d9d9</item>
    </style>

    <style name="main_center_text">
        <item name="android:textColor">#ffffffff</item>
        <item name="android:textSize">20sp</item>
    </style>

    <style name="main_center_text_hint">
        <item name="android:textColor">@color/white</item>
        <item name="android:textSize">12sp</item>
    </style>

    <style name="weekdayview_style">
        <item name="android:background">@color/car_detail_group_bg</item>
        <item name="android:layout_width">0dp</item>
        <item name="android:layout_height">match_parent</item>
        <item name="android:layout_weight">1</item>
        <item name="android:gravity">center</item>
        <item name="android:textColor">#80ffffff</item>
        <item name="android:textSize">10sp</item>
    </style>

    <style name="CustomDayTextAppearance"
           parent="TextAppearance.AppCompat.Medium">
        <item name="android:textColor">@color/white</item>
        <item name="android:textSize">15sp</item>
    </style>

</resources>
